Código;Datos
8505206;Altura: 5 cm. ; Ancho: 8 cm. ; Modelo: Bordado. ; Jerarquía: Adjutor. ; Jurisdicción: Penitenciaría.
8505207;Altura: 5 cm. ; Ancho: 11 cm. ; Modelo: Bordado. ; Jerarquía: Adjutor Principal. ; Jurisdicción: Penitenciaría.
8503823;Material: Policarbonato. ; Modelo: 3000MS Antiniebla.
8503832;Material: Policarbonato. ; Modelo: 3104OR Antiniebla.
8503822;Material: Policarbonato. ; Modelo: 3000BM Antiniebla.
7709540;Altura: 2,5 cm. ; Ancho: 10,5 cm. ;Material: Bordado. ; Modelo: Aplique. ; Jurisdicción: Seguridad Privada. ; Denominación: Parche.
8857005;0
8520165;Altura: 53.5 cm. ; Ancho: 5 cm. ;Espesor: 5 cm. ; Material: Plástico
7707159;Altura: 4.5 cm. ; Ancho: 7 cm. ;Espesor: 0.2 cm. ; Material: Bordado. ; Modelo: Baja Visibilidad. ; Denominación: Bandera Argentina.
7707136;Altura: 4.5 cm. ; Ancho: 7 cm. ;Espesor: 0.2 cm. ; Material: Bordado. ; Denominación: Bandera Argentina Bordada.
7710030;Altura: 5 cm. ; Ancho: 8,5 cm. ;Material: PVC
7710032;Altura: 5 cm. ; Ancho: 8,5 cm. ;Material: PVC
7710031;Altura: 5 cm. ; Ancho: 8,5 cm. ;Material: PVC. ; Modelo: Baja Visibilidad.
7701136;Altura: 3.3 cm. ; Ancho: 12 cm. ;Espesor: 0.2 cm. ; Material: Bordado. ; Modelo: Larga. ; Denominación: Bandera Argentina.
7701137;Altura: 3 cm. ; Ancho: 11.5 cm. ;Espesor: 0.2 cm. ; Material: Bordado. ; Modelo: Larga Baja Visibilidad. ; Denominación: Bandera Argentina.
8513175;Altura: 24 cm. ; Ancho: 5 mm. ; Espesor: 5 mm. ; Material: Aluminio. ; Modelo: Giratoria Grueso Calibre.
8505822;0
8505823;0
8505820;Material: Poliamida. ; Modelo: Barbijo. ; Medidas Exteriores: Largo 29 cm. ; Diámetro: 5 mm.
7707502;Altura: 3 mm. ; Ancho: 31 mm. ; Material: Metal Dorado. ; Modelo: Con 2 alambres.
8505151;Altura: 3 cm. ; Ancho: 3 cm. ; Material: Acrílico. ; Modelo: 1 Rombo chico. ; Jerarquía: Oficial Subayudante y Ayudante.
8505133;Altura: 3 cm. ; Ancho: 6 cm. ; Material: Acrílico. ; Modelo: 2 rombos chicos. ; Jerarquía: Oficial Inspector y Subinspector.
8505162;Altura: 5 cm. ; Ancho: 7,5 cm. ; Material: Acrílico. ; Modelo: 2 rombos grandes. ; Jerarquía: Oficial Inspector y Subinspector .
8505172;Comisario.
8505153;Altura: 3 cm. ; Ancho: 8 cm. ; Material: Acrílico. ; Modelo: 3 rombos chicos. ; Jerarquía: Oficial Principal.
8505121;Altura: 2 cm. ; Ancho: 6 cm. ; Material: Acrílico. ; Modelo: 1 Estrella.
8505122;Altura: 2 cm. ; Ancho: 6 cm. ; Material: Acrílico. ; Modelo: 2 Estrellas.
8505123;Altura: 2 cm. ; Ancho: 10 cm. ; Material: Acrílico. ; Modelo: 3 Estrellas.
8505124;Altura: 2 cm. ; Ancho: 10 cm. ; Material: Acrílico. ; Modelo: 4 Estrellas.
8505125;Altura: 2 cm. ; Ancho: 10 cm. ; Material: Acrílico. ; Modelo: 5 Estrellas.
8503402;Peso: 480 gr. ; Material: Acero Inoxidable. ; Modelo: Extensible. ; Longitud Extendido: 50 cm. ; Longitud Plegado: 20 cm.
8503125;0
8501025;Altura: 8.5 cm. ; Ancho: 11.3 cm. ;Espesor: 1.2 cm. ; Material: Cuero.
8520691;Peso: 185 gr. ; Modelo: Tasco 8x21. ; Longitud Extendido: 10 x 9 x 3 cm. ; Medidas Exteriores: 6 x 9 x 3,5 cm.
8708104;Material: Poliamida. ; Modelo: Táctico. ; Medidas Exteriores: 38 x 22 x 4 cm. ; Medidas Interiores: 35 x 20 x 3,5 cm.
8708110;0
8708099;Material: Poliamida. ; Modelo: Bolso Mochila. ; Medidas Exteriores: 35 x 82 x 32 cm. ; Medidas Interiores: 30 x 31 x 70 cm. ; Capacidad: 65 litros.
7707508;Material: Metal. ; Modelo: Con 2 alambres. ; Medidas Exteriores: Diámetro de 16mm.
7707288;Material: Metal. ; Modelo: Con 2 alambres. ; Medidas Exteriores: Diámetro de 10 a 12mm.
7707504;Material: Metal. ; Modelo: Botón. ; Medidas Exteriores: Diametro de 16 mm.
7707284;Material: Metal. ; Modelo: Botón. ; Medidas Exteriores: Diametro de 16 mm.
7707505;Material: Metal. ; Modelo: Botón. ; Medidas Exteriores: Diametro de 22 mm.
7707285;Material: Metal. ; Modelo: Botón. ; Medidas Exteriores: Diametro de 22 mm.
8686003;Altura: 2,5 cm. ; Ancho: 5,8 cm. ;Longitud Extendido: 16 cm. ; Longitud Plegado: 7,5 cm.
8702661;Altura: 19.5 cm. ; Material: Poliamida. ; Modelo: Culata 8 Cartuchos.
8708115;Ancho: 9,3 cm. ;Espesor: Variable según el contenido: 7: 1,Material: Poliamida/Cordura. ; Longitud Extendido: 43 cm. ; Longitud Plegado: 16,5 cm.
8520100;0
8612793;Material: Impermeable. ; Modelo: Camuflado con Verde y Marrón tipo Bosque. ; Medidas Exteriores: 200 x 150 x 135 cm. ; Capacidad: 3 personas.
8612794;Material: Impermeable. ; Modelo: Camuflado con Verde y Marrón tipo Bosque. ; Medidas Exteriores: 200 x 200 x 145 cm. ; Capacidad: 4 personas.
8612468;Material: 100% poliestser. ; Modelo: Camuflado con Verde y Marrón tipo Bosque. ; Medidas Exteriores: 200 x 200 x 145 cm. ; Capacidad: 4 personas.
8612523;Material: 100% Poliester. ; Modelo: Camuflada. ; Medidas Exteriores: 210 x 210 x 145cm. ; Capacidad: 3 personas.
8612462;Material: Impermeable. ; Modelo: Camuflado con Verde y Marrón tipo Bosque. ; Medidas Exteriores: 250 x 250 x 150 cm.
8612600;Material: Impermeable. ; Modelo: Camuflado con Verde y Marrón tipo Bosque. ; Medidas Exteriores: 250 x 250 x 150 cm.
8203124;Material: Rip Stop (antidesgarro). ; Jurisdicción: Infantería.
8303113;Material: Rip Stop (antidesgarro). ; Denominación: Casquete.
8303005;0
8303674;0
2401242;0
5101625;Material: Polyester 100%. ; Modelo: Verde  Fluor.
8708888;Material: Poliamida - Cordura. ; Modelo: Táctico. ; Capacidad: Regulable.
8708999;0
2401806;Material: Poliamida.
2401550;Modelo: Táctico Vial. ; Jurisdicción: Gendarmería.
5320787;Material: Gabardina.
8701214;Ancho: 5,5 cm. ;Material: Poliamida. ; Longitud Extendido: 96 cm.
8701200;Ancho: 4 cm. ;Material: Cuero. ; Modelo: Gala. ; Longitud Extendido: 93 cm.
8701000;Ancho: 5,5 cm. ;Material: Poliamida. ; Modelo: Nato.
8701800;Ancho: 5,5 cm. ;Material: Poliamida. ; Modelo: Nato.
8701350;Ancho: 5 cm. ;Espesor: 0,5 cm. ; Material: Poliamida.
8701655;Ancho: 5 cm. ;Material: Poliamida. ; Longitud Extendido: 130 cm.
8701741;Ancho: 4,5 cm. ;Material: Gabardina. ; Modelo: Laureado Dorado. ; Longitud Extendido: 117 cm.; Jurisdicción: Policía.
8701494;Ancho: 4 cm. ; Material: Poliamida. ; Longitud Extendido: 128 cm.
8703570;0
8515746;Ancho: 9 cm. ;Material: Gabardina Especializada para Corbatas. ; Longitud Extendido: 138 cm. ; Denominación: Corbata para Uniforme.
8515747;Ancho: 9 cm. ;Material: Gabardina Especializada para Corbatas. ; Longitud Extendido: 138 cm. ; Denominación: Corbata para Uniforme.
8515748;Ancho: 9 cm. ;Material: Gabardina Especializada para Corbatas. ; Longitud Extendido: 138 cm. ; Denominación: Corbata para Uniforme.
8707657;Material: Cordón. ; Modelo: Con Lápiz.
8707381;Material: Cordón. ; Modelo: Con Lápiz.
8707658;Material: Cordón. ; Modelo: Con Lápiz.
8707000;Material: Sintético. ; Modelo: Táctico para Borcego.
8522012;0
8708010;Material: Poliester 600
8708040;Ancho: 4 cm. ;Modelo: 3 puntas.
8708024;Ancho: 50 mm. ; Espesor: 2 mm. ; Material: Poliamida y enganches de Cuero
8708639;0
8508132;Altura: 7 cm. ; Ancho: 6,7 cm. ;Espesor: 6,7 cm. ; Material: Crema para Cuero y Nobuck. ; Denominación: Dux Oro.
7707545;Altura: 1,9 cm. ; Ancho: 1,9 cm. ;Material: Metal. ; Modelo: Con 2 alambres. ; Denominación: Crisol LMGE.
8521100;Altura: 30 cm. ; Ancho: 5,5 cm. ;Espesor: 2,6 cm. ; Material: Acero Inoxidable. ; Modelo: Con Funda Rígida.
8521013;Altura: 24 cm. ; Ancho: 6 cm. ;Espesor: 2,7 cm. ; Material: Acero Inoxidable. ; Modelo: Con Funda de Poliamida y Puntero de Acero.
8520162;0
8520230;0
8521458;Ancho: 4 cm. ;Material: Acero Inoxidable Templado. ; Modelo: NF5458. ; Longitud Extendido: 26 cm.
8521036;0
8521102;Altura: 24 cm. ; Ancho: 5,7 cm. ;Espesor: 3 cm. ; Material: Acero Inoxidable. ; Modelo: Táctico y Supervivencia.
8521014;0
8521063;0
8509729;Material: Alambrillo Dorado
7709021;Altura: 5.3 cm. ; Ancho: 5.5 cm. ;Espesor: 0.2 cm. ; Material: Bordado. ; Modelo: Escudo para Boina. ; Jurisdicción: Penitenciaría de Mendoza. ; Denominación: Grupo Especial de Operaciones Penitenciarias.
7709401;Altura: 4 cm. ; Ancho: 3.2 cm. ;Espesor: 0.2 cm. ; Material: Bordado. ; Modelo: Escudo para Boina. ; Jurisdicción: Policía de Mendoza. ; Denominación: Grupo Especial de Seguridad.
7709365;Altura: 6 cm. ; Ancho: 5.9 cm. ;Espesor: 0.2 cm. ; Material: Bordado. ; Modelo: Escudo para Boina. ; Denominación: Infantería.
7709233;Altura: 4 cm. ; Ancho: 4 cm. ;Espesor: 0.2 cm. ; Material: Bordado. ; Modelo: Escudo para Boina. ; Jurisdicción: Mendoza. ; Denominación: Liceo Militar General Espejo.
7709061;Altura: 5.5 cm. ; Ancho: 5.5 cm. ;Espesor: 0.1 cm. ; Material: Bordado. ; Modelo: Escudo para Boina. ; Jurisdicción: Policía de Seguridad Aeroportuaria.
7709364;Altura: 5.3 cm. ; Ancho: 5.2 cm. ;Espesor: 0.2 cm. ; Material: Bordado. ; Modelo: Escudo para Boina. ; Jurisdicción: Policía Mendoza. ; Denominación: Compañía de Canes.
7709016;Altura: 6 cm. ; Ancho: 5.5 cm. ;Espesor: 0.2 cm. ; Material: Bordado. ; Modelo: Escudo para Boina. ; Jurisdicción: Policía Mendoza. ; Denominación: Motorizada.
7709014;Altura: 5.5 cm. ; Ancho: 5.5 cm. ;Espesor: 0.2 cm. ; Material: Bordado. ; Modelo: Escudo para Boina. ; Jurisdicción: Policía de Mendoza. ; Denominación: Unidad Ciclística de Acción Rápida.
7709015;Altura: 5.9 cm. ; Ancho: 5.5 cm. ;Espesor: 0.2 cm. ; Material: Bordado. ; Modelo: Escudo para Boina. ; Jurisdicción: Policía de Mendoza. ; Denominación: Unidad Motorizada de Acción Rápida.
7709653;Altura: 5.4 cm. ; Ancho: 4 cm. ;Espesor: 0.2 cm. ; Material: Bordado. ; Modelo: Escudo para Boina. ; Jurisdicción: Policía de Mendoza. ; Denominación: Unidad Especial de Patrullaje.
7709788;Altura: 5.7 cm. ; Ancho: 4.8 cm. ;Espesor: 0.2 cm. ; Material: Bordado. ; Modelo: Escudo para Boina. ; Jurisdicción: Policía de Mendoza. ; Denominación: Unidad Policial Parque.
7709547;Altura: 10 cm. ; Ancho: 7.4 cm. ;Espesor: 0.2 cm. ; Material: Bordado. ; Modelo: Escudo para Brazo de Baja Visibilidad. ; Jurisdicción: Policía de Mendoza.
7709456;Altura: 11.2 cm. ; Ancho: 9.5 cm. ;Espesor: 0.25 cm. ; Modelo: Para Brazo - Baja visibilidad. ; Jurisdicción: Ministerio de Gobierno. ; Denominación: Servicio Penitenciario Mendoza.
7709855;Altura: 10 cm. ; Ancho: 7.5 cm. ;Espesor: 0.2 cm. ; Material: Bordado; Jurisdicción: Unidad Histórica. ; Denominación: Banda de Música Gustavo Ramet.
7709654;Altura: 9.3 cm. ; Ancho: 5.9 cm. ;Espesor: 0.2 cm. ; Material: Bordado. ; Modelo: Escudo para Brazo. ; Jurisdicción: Jefatura Barrio Cívico - Policía de Mendoza.
7709139;Altura: 8.9 cm. ; Ancho: 8.9 cm. ;Espesor: 0.2 cm. ; Material: Bordado. ; Modelo: Escudo para Brazo. ; Jurisdicción: Instituto Universitario de Seguridad Pública de Mendoza. ; Denominación: Cuerpo de Instructores.
7709204;Altura: 9.1 cm. ; Ancho: 9.1 cm. ;Espesor: 0.25 cm. ; Modelo: Para Brazo. ; Jurisdicción: Policía de Mendoza. ; Denominación: Centro de Adiestramiento Táctico Policial.
7709754;Altura: 9.5 cm. ; Ancho: 8 cm. ;Espesor: 0.2 cm. ; Material: Bordado. ; Modelo: Escudo para Brazo. ; Jurisdicción: Compañía Motorizada de la Policía de Mendoza. ; Denominación: Baja Visibilidad.
7709756;Altura: 9.5 cm. ; Ancho: 8 cm. ;Material: Bordado. ; Modelo: Escudo para Brazo. ; Jurisdicción: Compañía Motorizada de la Policía de Mendoza.
7709238;Altura: 8.9 cm. ; Ancho: 8.9 cm. ;Espesor: 0.2 cm. ; Material: Bordado. ; Modelo: Escudo para Brazo de Baja Visibilidad. ; Jurisdicción: Instituto Universitario de Seguridad Pública de Mendoza. ; Denominación: Cuerpo de Instructores.
7709572;Altura: 8 cm. ; Ancho: 7.5 cm. ;Espesor: 0.2 cm. ; Material: Bordado. ; Modelo: Escudo para Brazo. ; Jurisdicción: Dirección de Bomberos de la Policía de Mendoza.
7709459;Altura: 7.4 cm. ; Ancho: 10.7 cm. ;Espesor: 0.25 cm. ; Material: Bordado. ; Modelo: Escudo para Brazo. ; Jurisdicción: Gendarmería Nacional.
7709360;Altura: 11.7 cm. ; Ancho: 9.4 cm. ;Espesor: 0.25 cm. ; Modelo: Para Brazo. ; Jurisdicción: Servicio Penitenciario de Mendoza. ; Denominación: Grupo Especial de Operaciones Penitenciarias.
7709103;Altura: 10.4 cm. ; Ancho: 8.2 cm. ;Espesor: 0.2 cm. ; Modelo: Para Brazo. ; Jurisdicción: Policía de Mendoza. ; Denominación: Grupo Especial de Seguiridad.
7709158;Altura: 10.9 cm. ; Ancho: 9.4 cm. ;Espesor: 0.25 cm. ; Modelo: Para Brazo. ; Jurisdicción: General Manuel Belgrano. ; Denominación: Cuerpo de Infanterìa.
7709625;Altura: 10.9 cm. ; Ancho: 9.4 cm. ;Espesor: 0.25 cm. ; Material: Bordado. ; Modelo: Baja Visibilidad - Para Brazo. ; Jurisdicción: General Manuel Belgrano. ; Denominación: Cuerpo de Infantería.
7709600;Altura: 10 cm. ; Ancho: 8.1 cm. ;Espesor: 0.2 cm. ; Modelo: Para Brazo. ; Jurisdicción: Servico Penitenciario Mendoza. ; Denominación: Instituto de Formación Penitenciaria.
7709138;Altura: 6.3 cm. ; Ancho: 8.5 cm. ;Espesor: 0.25 cm. ; Material: Bordado. ; Modelo: Escudo para Brazo. ; Jurisdicción: Provincia de Mendoza. ; Denominación: Instituto Universitario de Seguridad Pública.
7709041;Altura: 11 cm. ; Ancho: 9 cm. ;Espesor: 0.2 cm. ; Material: Bordado. ; Modelo: Escudo para Brazo. ; Denominación: Jefatura Departamental Capital.
7709245;Altura: 10.6 cm. ; Ancho: 7.2 cm. ;Espesor: 0.2 cm. ; Material: Bordado. ; Modelo: Escudo para Brazo. ; Jerarquía: Oficiales Jefes y Superiores. ; Jurisdicción: Policía de Mendoza.
7709867;Altura: 8.5 cm. ; Ancho: 7.8 cm. ;Espesor: 0.2 cm. ; Modelo: Escudo para Brazo. ; Jurisdicción: Penitenciaría Almafuerte. ; Denominación: Complejo Penitenciario Nº III.
7709396;Altura: 9.3 cm. ; Ancho: 9.3 cm. ;Espesor: 0.25 cm. ; Modelo: Para Brazo. ; Jurisdicción: Penitenciaría de Mendoza. ; Denominación: Departamento de Seguridad y Traslados - División Traslados y Custodias.
7709650;Altura: 10 cm. ; Ancho: 8.3 cm. ;Espesor: 0.2 cm. ; Material: Bordado. ; Modelo: Escudo para Brazo. ; Jurisdicción: Mendoza. ; Denominación: Policía Científica.
7709665;Altura: 10.3 cm. ; Ancho: 7,4  cm. ;Material: Bordado. ; Modelo: Escudo para Brazo. ; Jurisdicción: Policía de Mendoza.
7710001;Altura: 10 cm. ; Ancho: 7 cm. ;Material: PVC. ; Modelo: Escudo para Brazo. ; Jurisdicción: Policía de Mendoza.
7709333;Ancho: 8.5 cm. ;Espesor: 9 cm. ; Material: Bordado. ; Modelo: Viejo o Anterior. ; Jurisdicción: Policía de Mendoza.
7709680;Altura: 10 cm. ; Ancho: 8.9 cm. ;Espesor: 0.2 cm. ; Material: Bordado. ; Modelo: Escudo para Brazo. ; Jurisdicción: Policía de Mendoza. ; Denominación: Policía de Seguridad Rural.
7709854;Altura: 10.5 cm. ; Ancho: 10 cm. ;Espesor: 0.2 cm. ; Material: Bordado. ; Modelo: Escudo para Brazo. ; Jurisdicción: Policía Mendoza. ; Denominación: Compañía de Canes.
7709380;Altura: 8 cm. ; Ancho: 8 cm. ;Espesor: 0.2 cm. ; Material: Bordado. ; Modelo: Escudo para Brazo. ; Jurisdicción: Policía de Mendoza. ; Denominación: Unidad Ciclística de Acción Rápida.
7709420;Altura: 9.4 cm. ; Ancho: 9.3 cm. ;Espesor: 0.2 cm. ; Material: Bordado. ; Modelo: Escudo para Brazo. ; Jurisdicción: Policía de Mendoza. ; Denominación: Unidad Motorizada de Acción Rápida.
7709786;Altura: 9.5 cm. ; Ancho: 9 cm. ;Espesor: 0.2 cm. ; Material: Bordado. ; Modelo: Escudo Brazo. ; Jurisdicción: Policía Mendoza. ; Denominación: Unidad Tranviaria.
7709753;Altura: 10.5 cm. ; Ancho: 8.7 cm. ;Espesor: 0.2 cm. ; Material: Bordado. ; Modelo: Escudo Brazo. ; Jurisdicción: Mendoza. ; Denominación: Policía Montada.
7709156;Altura: 11.2 cm. ; Ancho: 8.9 cm. ;Espesor: 0.2 cm. ; Material: Bordado. ; Modelo: Escudo para Brazo. ; Jurisdicción: Mendoza. ; Denominación: Policía Vial.
7709943;Altura: 9 cm. ; Ancho: 7.7 cm. ;Espesor: 0.2 cm. ; Material: Bordado. ; Modelo: Escudo para Brazo. ; Jurisdicción: Mendoza. ; Denominación: Sanidad Policial.
7709712;Altura: 8 cm. ; Ancho: 7 cm. ;Espesor: 0.2 cm. ; Material: Bordado. ; Modelo: Escudo para Brazo. ; Jurisdicción: Mendoza . ; Denominación: Servicio Penitenciario.
7709421;Altura: 7 cm a 9 cm. ; Ancho: 7.9 cm a 9.5 cm. ;Espesor: 0.3 cm. ; Material: Bordado. ; Modelo: Escudo para Brazo. ; Jurisdicción: Mendoza. ; Denominación: Servicio Penitenciario Seguridad Externa.
7709668;Altura: 8.1 cm. ; Ancho: 7 cm. ;Espesor: 0.2 cm. ; Material: Bordado. ; Modelo: Escudo para Brazo. ; Jurisdicción: Unidad de Cuerpos Especiales de Mendoza.
7709662;Altura: 11.4 cm. ; Ancho: 8 cm. ;Espesor: 0.25 cm. ; Modelo: Para Brazo. ; Jurisdicción: Policía de Mendoza - Capital. ; Denominación: Unidad Especial de Patrullaje.
7709661;Altura: 11.4 cm. ; Ancho: 8 cm. ;Espesor: 0.2 cm. ; Modelo: Para Brazo. ; Jurisdicción: Policía de Mendoza - Tupungato. ; Denominación: Unidad Especial de Patrullaje.
7709755;Altura: 10.3 cm. ; Ancho: 9 cm. ;Espesor: 0.25 cm. ; Modelo: Para Brazo. ; Jurisdicción: Policía de Mendoza. ; Denominación: Unidad Policial de Asistencia al Turista.
7709787;Altura: 9.9 cm. ; Ancho: 8.2 cm. ;Espesor: 0.2 cm. ; Modelo: Para Brazo. ; Jurisdicción: Policía de Mendoza. ; Denominación: Unidad Policial Parque.
7709017;Altura: 9 cm. ; Ancho: 9 cm. ;Material: Bordado. ; Modelo: Escudo para Brazo. ; Jerarquía: Defensa Civil.
7707952;Altura: 7 cm. ; Ancho: 5 cm. ;Material: Metal Dorado. ; Modelo: Con tornillo y tuerca. ; Jerarquía: Oficial. ; Denominación: Escudo para Gorra Grande.
7707519;Altura: 7 cm. ; Ancho: 5 cm. ;Material: Metal Dorado. ; Modelo: Con tornillo y tuerca. ; Jerarquía: Oficial. ; Denominación: Escudo para Gorra Grande.
7709517;0
7709101;Altura: 6 cm. ; Ancho: 5.5 cm. ;Espesor: 0.2 cm. ; Material: Bordado. ; Modelo: Escudo para Boina. ; Jurisdicción: Mendoza. ; Denominación: Policía Montada.
7707980;Altura: 2 cm. ; Ancho: 3 cm. ;Material: Metal. ; Modelo: Con 2 alambres. ; Jurisdicción: Santa Cruz. ; Denominación: Espadas Cruzadas Doradas.
8701001;0
8503045;0
8503012;0
7707522;Altura: 1,4 cm. ; Ancho: 1,4 cm. ;Material: Metal Dorado. ; Modelo: 5 Puntas. ; Jerarquía: Antigüedad.
8520009;Ancho: 11 cm. ;Espesor: 11 cm. ; Modelo: Wall 006. ; Longitud Extendido: 24.3 cm. ; Longitud Plegado: 15.5 cm. ; Voltage de entrada: 4.5v.
8703703;Material: Cuero.
8703004;Material: Gamuza.
8703601;Material: Poliamida.
7707570;Altura: 2 cm. ; Ancho: 3 cm. ;Material: Metal. ; Modelo: Con 2 alambres.
8519042;Altura: 8,3 cm. ; Peso: 14 gr. ; Modelo: #14-OC. ; Diámetro: 2,2 cm.
8519044;Altura: 10 cm. ; Peso: 22 gr. ; Modelo: #P-22-OC. ; Diámetro: 2 cm.
8519041;Altura: 10,5 cm. ; Ancho: 3,4 cm. ;Peso: 60 gr. ; Modelo: #M-60-OC.
8519060;Altura: 11 cm. ; Peso: 80 gr. ; Diámetro: 3,5 cm. ; Capacidad: 60 ml.
8400000;Material: Gabardina. ; Modelo: F1. ; Cierre: Regulable con abrojo: 16: 1,Diámetro: Regulable.
8400128;Material: Gabardina. ; Modelo: F1. ; Cierre: Regulable con abrojo: 16: 1,Diámetro: Regulable.
8400691;Material: Gabardina. ; Modelo: F1. ; Cierre: Regulable con abrojo: 16: 1,Diámetro: Regulable.
8400010;Material: Gabardina. ; Modelo: F1. ; Cierre: Regulable con abrojo: 16: 1,Diámetro: Regulable.
8400024;Material: Bordado. ; Modelo: Gorra Reglamentaria. ; Jurisdicción: Instituto Universitario de Seguridad Pública.
8400001;Material: Bordado. ; Modelo: Gorra Reglamentaria. ; Jurisdicción: Liceo Militar General Espejo.
8400689;Material: Gabardina. ; Modelo: F1. ; Cierre: Regulable con abrojo: 16: 1,Diámetro: Regulable.
8400908;Material: Gabardina. ; Modelo: F1. ; Batería: 2 x CR2032 de 1,5v c/u.
8400129;Material: Gabardina. ; Modelo: F1. ; Cierre: Regulable con abrojo: 16: 1,Diámetro: Regulable.
8400119;Material: Gabardina. ; Modelo: Seguridad.
8400240;Altura: 25 cm. ; Material: Lana. ; Modelo: Sin Forro. ; Medidas Exteriores: Diámetro 12,1 cm.
8306200;Material: Polar. ; Modelo: Táctico.
8306100;Material: Nylon, Algodón y Piel Sintética. ; Modelo: Casquillo a Prueba de Viento. ; Medidas Exteriores: Circunferencia de 21,65 a 23,23 pulgadas.
8306101;Material: Nylon, Algodón y Piel Sintética. ; Modelo: Casquillo a Prueba de Viento. ; Medidas Exteriores: Circunferencia de 21,65 a 23,23 pulgadas.
8400661;Altura: 32 cm. ; Ancho: 39 cm. ; Espesor: 12,4 cm. ; Peso: 12,4 cm. ; Material: Sintético. ; Modelo: Una abertura.
8517050;Material: Polar. ; Modelo: Negro.
7707011;Material: Metal dorado. ; Modelo: Uniforme de Gala. ; Medidas Exteriores: 6 x 8 cm. ; Diámetro: 5,5 cm.
7707298;Espesor: 0,3 cm. ; Material: Bronce Niquelado. ; Modelo: Dorado. ; Denominación: Hebilla para Cinturón. ; Medidas Exteriores: Diámetro de 4 cm.
7707532;Espesor: 0,3 cm. ; Material: Bronce Niquelado. ; Modelo: Plateado. ; Denominación: Hebilla para Cinturón. ; Medidas Exteriores: Diámetro de 4cm.
7707322;Altura: 4 cm. ; Ancho: 4 cm. ;Material: Bronce Niquelado. ; Modelo: Dorada. ; Denominación: Torreón Penitenciario Dorado.
7707324;Altura: 4 cm. ; Ancho: 4 cm. ;Material: Metal. ; Modelo: Plateado. ; Denominación: Torreón Penitenciario.
7703603;Altura: 12.5 cm. ; Ancho: 6.5 cm. ;Material: Base de acrílico forrado en Gabardina Azul Noche; Jerarquía: Sargento. ; Denominación: Charretera, Capona, Paleta.
7703051;Altura: 6.5 cm. ; Ancho: 12.8 cm. ;Material: Placa de plástico forrada en gabardina. ; Modelo: 2 Soles plateados sobre base celeste. ; Jerarquía: Adjutor. ; Jurisdicción: Penitenciaría. ; Denominación: Hombrera, Paleta, Charretera, Capona.
7703052;Altura: 128 mm. ; Ancho: 65 mm. ; Material: Confeccionada en placa de plástico revestida con gabardina color azul noche. ; Modelo: 3 Soles plateados sobre base celeste. ; Jerarquía: Adjutor Principal. ; Jurisdicción: Penitenciaría. ; Denominación: Hombrera, charretera, capona, paleta.
7703111;Altura: 12,5 cm. ; Ancho: 6,5 cm. ;Material: Estructura de Plástico, forrado en gabardina; Jerarquía: Oficial de Primera. ; Denominación: Hombrera, Charretera, Paleta, Capona.
7703112;Altura: 12,5 cm. ; Ancho: 6,5 cm. ;Material: Estructura de Plástico, forrado en gabardina; Jerarquía: Oficial de Segunda. ; Denominación: Hombrera, Charretera, Paleta, Capona.
7703158;Altura: 6 cm. ; Ancho: 14.3 cm. ;Espesor: 0.5 cm. ; Material: Placa de plástico forrada en gabardina. ; Modelo: Bordado en hilo oro tipo gusanillo. ; Jerarquía: Comisario General. ; Jurisdicción: Policía de Mendoza. ; Denominación: Hombrera con 3 Rombos Dorados, Palma Cruzada y Serreta.
7703605;Altura: 12,5 cm. ; Ancho: 6,5 cm. ;Material: Gabardina. ; Jerarquía: Sargento Ayudante. ; Denominación: Charretera Capona Paleta Hombrera.
7703602;Altura: 6,5 cm. ; Ancho: 12,5 cm. ;Material: Gabardina; Jerarquía: Cabo 1º. ; Denominación: Hombrera - Charretera - Paleta - Capona.
7703604;Altura: 12,5 cm. ; Ancho: 6,5 cm. ;Material: Gabardina. ; Jerarquía: Sargento 1º (Primero). ; Denominación: Charretera, Hombrera, Capona , Paleta..
7703606;Altura: 12,5 cm. ; Ancho: 6,5 cm. ;Material: Gabardina. ; Jerarquía: Suboficial Principal. ; Denominación: Charretera - Capona - Paleta - Hombrera.
7703664;1º Año.
7703665;2º Año.
7703666;3º Año.
7703667;4º Año.
7703668;5º Año.
7703669;6º Año.
7703002;Altura: 6.2 cm. ; Ancho: 12 cm. ;Espesor: 0.5 cm. ; Material: Placa de plástico forrada en gabardina; Jerarquía: Porta jerarquías. ; Denominación: Hombrera Lisa.
7703113;Altura: 6.5 cm. ; Ancho: 12.5 cm. ;Material: Estructura de Plástico, forrado en gabardina. ; Modelo: Hombrera. ; Jerarquía: Auxiliar Mayor. ; Denominación: Hombrera, Charretera, Capona, Paleta..
7703115;Altura: 6.5 cm. ; Ancho: 12.5 cm. ;Material: Placa de Plástico forrada en gabardina; Jerarquía: Oficial Ayudante. ; Jurisdicción: Policía de Mendoza. ; Denominación: Hombrera.
7703106;Altura: 6.5 cm. ; Ancho: 12.7 cm. ;Espesor: 0.5 cm. ; Material: Placa de plástico forrada en gabardina. ; Modelo: 2 Rombos y Serreta. ; Jerarquía: Comisario. ; Jurisdicción: Policía de Mendoza. ; Denominación: Hombrera.
7703185;Altura: 6 cm. ; Ancho: 14.3 cm. ;Material: Placa de plástico forrada en gabardina. ; Modelo: 3 Rombos Palmas y Serreta. ; Jerarquía: Comisario General. ; Jurisdicción: Policía de Mendoza. ; Denominación: Hombrera.
7703121;Altura: 6.3 cm. ; Ancho: 12 cm. ;Material: Placa de plástico forrada en gabardina. ; Modelo: 1 Rombo en base Francia, Palmas y Serreta. ; Jerarquía: Comisario Inspector. ; Jurisdicción: Policía de Mendoza. ; Denominación: Hombrera.
7703117;Altura: 6.5 cm. ; Ancho: 12.5 cm. ;Espesor: 0.4 cm. ; Material: Placa de plástico forrado en gabardina. ; Modelo: Bordado con 2 Rombos Plateados y un Círculo Dorado. ; Jerarquía: Oficial Inspector. ; Jurisdicción: Policía de Mendoza. ; Denominación: Hombrera.
7703118;Altura: 6.5 cm. ; Ancho: 12.6 cm. ;Espesor:  : 7: 1,Material: Placa de plástico forrada en gabardina. ; Modelo: 3 Rombos Plateados. ; Jerarquía: Oficial Principal. ; Jurisdicción: Policía de Mendoza. ; Denominación: Hombrera.
7703116;Altura: 6.5 cm. ; Ancho: 12.5 cm. ;Material: Placa de plástico forrada en gabardina. ; Modelo: 1 Rombo Plateado. ; Jerarquía: Oficial Subayudante. ; Jurisdicción: Policía de Mendoza.
7703105;Altura: 6.2 cm. ; Ancho: 12 cm. ;Material: Placa de plástico forrada en gabardina. ; Modelo: Un rombo dorado en base negra y serreta. ; Jerarquía: Oficial Subcomisario. ; Jurisdicción: Policía de Mendoza. ; Denominación: Hombrera.
7703110;Altura: 6.5 cm. ; Ancho: 12.5 cm. ;Material: Alma de plástico, forrada en gabardina y bordada; Jerarquía: Oficial Auxiliar. ; Denominación: Hombrera, Charretera, Capona, Paleta..
7703001;Material: Gabardina. ; Modelo: Lisa. Sin atributos. ; Medidas Exteriores: 12,5 x 6,5 cm.
8505209;Altura: 130 mm. ; Ancho: 67 mm. ; Material: Base de acrílico forrado en gabardina azul noche. ; Modelo: 1 Sol dorado bordado sobre base francia y serreta. ; Jerarquía: Sub Alcaide. ; Jurisdicción: Penitenciaría. ; Denominación: Hombrera, Charretera, Capona, Paleta.
7703607;Altura: 6.5 cm. ; Ancho: 12.5 cm. ;Material: Base de acrílico forrada en gabardina; Jerarquía: Suboficial Mayor. ; Denominación: Hombrera, Paleta, Charretera, Capona..
7703050;Altura: 128 mm. ; Ancho: 65 mm. ; Material: Confeccionada en placa de plástico revestida con gabardina color azul noche. ; Modelo: 1 Sol plateado sobre base celeste. ; Jerarquía: Sub Adjutor. ; Jurisdicción: Penitenciaría. ; Denominación: Hombrera, charretera, capona, paleta.
7703601;Altura: 12,5 cm. ; Ancho: 6,5 cm. ;Material: Gabardina. ; Jerarquía: Cabo. ; Denominación: Charretera, Capona o Paleta.
7700200;Material: Gabardina. ; Modelo: Para brazo. ; Jerarquía: Cabo.
8505160;Altura: 3.7 cm. ; Ancho: 6.7 cm. ;Espesor: 0.2 cm. ; Material: Bordado Dorado. ; Modelo: Pectoral. ; Jerarquía: Oficial Ayudante. ; Jurisdicción: Policía de Mendoza.
8505233;Altura: 4 cm. ; Ancho: 6.8 cm. ;Espesor: 0.2 cm. ; Material: Bordado dorado y plateado. ; Modelo: Pectoral. ; Jerarquía: Oficial Sub Inspector. ; Denominación: Insignia pectoral.
8505159;Altura: 3.7 cm. ; Ancho: 7 cm. ;Espesor: 0.2 cm. ; Material: Bordado Plateado. ; Modelo: Pectoral. ; Jerarquía: Oficial Subayudante. ; Jurisdicción: Policía de Mendoza.
8505705;Altura: 4.3 cm. ; Ancho: 8.2 cm. ;Espesor: 0.2 cm. ; Material: Bordado. ; Modelo: Pectoral. ; Jerarquía: Sargento Ayudante. ; Jurisdicción: Policía Rural de Mendoza.
8505205;Altura: 5 cm. ; Ancho: 8 cm. ;Modelo: Bordado. ; Jerarquía: Subadjutor. ; Jurisdicción: Penitenciaría.
8505209;Altura: 5 cm. ,Modelo: Bordado. ; Jerarquía: Sub Alcaide. ; Jurisdicción: Penitenciaría.
8505706;Altura: 4.5 cm. ; Ancho: 8.2 cm. ;Espesor: 0.2 cm. ; Material: Bordado. ; Modelo: Insignia. ; Jerarquía: Sub Oficial Principal.
8505604;Ancho: 8.5 cm. ;Material: Bordado. ; Modelo: Insignia Pectoral. ; Jerarquía: Suboficial Auxiliar. ; Jurisdicción: Penitenciaría.
8505603;Ancho: 8.5 cm. ;Material: Bordado. ; Modelo: Insignia Pectoral. ; Jerarquía: Suboficial Ayudante. ; Jurisdicción: Penitenciaría.
7700451;Altura: 5,5 cm. ; Ancho: 8 cm. ;Modelo: Baja Visibilidad. ; Jerarquía: Cabo 1º. ; Jurisdicción: Policía.
7700450;Altura: 5,5 cm. ; Ancho: 8 cm. ;Modelo: Baja Visibilidad. ; Jerarquía: Cabo. ; Jurisdicción: Policía.
7700100;Ancho: 8.8 cm. ;Modelo: Galón. ; Jerarquía: Suboficial Cabo. ; Jurisdicción: Policía.
7700101;Ancho: 8.8 cm. ;Modelo: Galón. ; Jerarquía: Suboficial Cabo 1º. ; Jurisdicción: Policía.
8505605;Ancho: 8.5 cm. ;Material: Bordado. ; Modelo: Insignia Pectoral. ; Jerarquía: Suboficial de 1ª. ; Jurisdicción: Penitenciaría.
8505707;Altura: 4.5 cm. ; Ancho: 8.6 cm. ;Espesor: 0.25 cm. ; Material: Bordado. ; Modelo: Con y sin ojal. ; Jerarquía: Suboficial Mayor.
7700607;Ancho: 8.5 cm. ;Material: Bordado. ; Modelo: Insignia Pectoral. ; Jerarquía: Suboficial Mayor. ; Jurisdicción: Penitenciaría.
7700455;Altura: 4,5 cm. ; Ancho: 8,5 cm. ;Modelo: Baja Visibilidad. ; Jerarquía: Suboficial Principal. ; Jurisdicción: Policía.
7700106;Ancho: 8.8 cm. ;Modelo: Galón. ; Jerarquía: Suboficial Principal. ; Jurisdicción: Policía.
8505606;Ancho: 8.5 cm. ;Material: Bordado. ; Modelo: Insignia Pectoral. ; Jerarquía: Suboficial Principal. ; Jurisdicción: Penitenciaría.
7700453;Altura: 4 cm. ; Ancho: 8 cm. ;Modelo: Baja Visibilidad. ; Jerarquía: Sargento Primero. ; Jurisdicción: Policía.
7700454;Altura: 4 cm. ; Ancho: 8 cm. ;Modelo: Baja Visibilidad. ; Jerarquía: Sargento Ayudante. ; Jurisdicción: Policía.
7700105;Ancho: 8.8 cm. ;Modelo: Galón. ; Jerarquía: Suboficial Sargento Ayudante. ; Jurisdicción: Policía.
7700452;Altura: 6,5 cm. ; Ancho: 8 cm. ;Modelo: Baja Visibilidad. ; Jerarquía: Sargento. ; Jurisdicción: Policía.
7700103;Ancho: 8.8 cm. ;Modelo: Galón. ; Jerarquía: Suboficial Sargento. ; Jurisdicción: Policía.
7700104;Ancho: 8.8 cm. ;Modelo: Galón. ; Jerarquía: Suboficial Sargento 1º. ; Jurisdicción: Policía.
8501602;Ancho: 8.5 cm. ;Material: Bordado. ; Modelo: Insignia Pectoral. ; Jerarquía: Suboficial Subayudante. ; Jurisdicción: Penitenciaría.
8513173;0
8503600;0
7707368;Altura: 2 cm. ; Ancho: 3,5 cm. ;Material: Metal Dorado. ; Modelo: Con 2 alambres.
8520007;Espesor: 1,9 cm. ; Material: Metal. ; Longitud Extendido: 15 cm. ; Longitud Plegado: 14,6 cm. ; Diámetro: 1,3 cm.
7707120;Altura: 4,2 cm. ; Ancho: 2,5 cm. ;Material: Metal Dorado. ; Modelo: Grande. ; Denominación: Laureles.
8520141;Altura: 9,73 cm. ; Ancho: 3,63 cm. ;Espesor: 3,63 cm. ; Material: Goma. ; Denominación: LED mini linterna Rayovac 9.
8520016;0
8520946;Peso: 174gr. ; Material: Aleación con Aluminio. ; Modelo: SKUF207. ; Longitud Extendido: 18 cm. ; Longitud Plegado: 16,2 cm. ; Voltage de entrada: 3,7 a 4,5v. ;Lúmenes: 2200. ; Zoom: 1x-2000x. ; Recargable: Sí. ; USB: Sí. ; Batería: USB 18650 3.7v 3800mAh. ; Diámetro: 3,8 cm.
8520948;0
8520045;Material: Metal Aleación y Aluminio. ; Modelo: USB. ; Longitud Extendido: 12 cm. ; Longitud Plegado: 11 cm. ; Voltage de entrada: 5 v. ;Lúmenes: 3000. ; Zoom: 1x a 4x. ; Recargable: Sí. ; USB: Sí. ; Diámetro: 2,8 cm.
5919025;Medidas Exteriores: 165 x 35 x 25 mm. ; Recargable: Sí: 19: 0
8520003;0
8520064;Material: Resistente al Agua. ; Modelo: Táctico. ; Lúmenes: 2000. ; Recargable: Sí. ; USB: Pila USB: 20: 1
8520265;Ancho: 3 cm. ;Espesor: 3 cm. ; Material: Metal. ; Modelo: LPA2009. ; Longitud Extendido: 10,8 cm. ; Longitud Plegado: 9,8 cm. ; Voltage de entrada: 4,5v. ; Denominación: Linterna con Aumento.
8520936;Altura: 17,5 cm. ; Material: Aleación Metálica con Aluminio. ; Modelo: Táctico Policial. ; Longitud Extendido: 19,5 cm. ; Longitud Plegado: 17 cm. ; Voltage de entrada: 3,8 a 4,7v. ; Zoom: 1x a 2000x. ; Recargable: Sí. ; USB: Cable cargador. ; Betería: 18650. ; Diámetro: 3,5 cm.
8520005;0
8520118;0
8520750;Material: Construida en aluminio de grado aeronáutico con  recubrimiento epoxi negro de alta resistencia. ; Voltage de entrada: 3.7 a 4,5 v. ; Medidas Exteriores: 15 x 3,5 cm. ; Lúmenes: 600. ; Zoom: 150 metros de alcance. ; Recargable: Sí. ; USB: Cable Cargador. ; Betería: UilraFire SD 18650 9800nAh 3,7v. ; Capacidad: LED CREE 3W DEL ALTA POTENCIA.
8520745;Material: Construida en aluminio de grado aeronáutico con  recubrimiento epoxi negro de alta resistencia. ; Voltage de entrada: 3.7 a 4,5 v. ; Medidas Exteriores: 15 x 3,5 cm. ; Lúmenes: 600. ; Zoom: 150 metros de alcance. ; Recargable: Sí. ; USB: Cable cargador. ; Betería: UilraFire SD 18650 9800nAh 3,7v. ; Capacidad: LED CREE 3W DEL ALTA POTENCIA.
8520051;Material: Aleación de aluminio con grado aeronáutico. ; Modelo: Táctico. ; Longitud Extendido: 18,5 cm. ; Longitud Plegado: 17 cm. ; Voltage de entrada: 3.7 a 4,7 v. ;Lúmenes: 2000. ; Zoom: 1x a 2000x: 18: 1,USB: Cable cargador de 80cm de largo. ; Betería: Li-ion 18650 3800mAh. ; Diámetro: 3,7 cm.
8520067;Altura: 16,5 cm. ; Material: Metal Negro. ; Modelo: Táctico Policial. ; Voltage de entrada: 4,7v. ; Medidas Exteriores: Diámetro:  3 cm. ; Lúmenes: 2000. ; Zoom: 5x. ; Recargable: Sí. ; USB: Cable para cargar. ; Betería: 18650.
8520932;Altura: 17,5 cm. ; Material: Aleación Metálica con Aluminio. ; Modelo: Táctico Policial. ; Longitud Extendido: 19,5 cm. ; Longitud Plegado: 17 cm. ; Voltage de entrada: 3,8 a 4,7v. ; Zoom: 1x a 2000x. ; Recargable: Sí. ; USB: Cable cargador. ; Betería: 18650. ; Diámetro: 3,5 cm.
8520941;Material: Aleación de aluminio superresistente de grado aeronáutico. ; Modelo: XML-T6. ; Longitud Extendido: 15 cm. ; Longitud Plegado: 13 cm. ; Denominación: Higlght Torch. ;Lúmenes: 1000. ; Recargable: Sí. ; Batería: 18650 USB 3800mAh. ; Diámetro: 3,6 cm.
8520729;Material: Aleación de aluminio superresistente de grado aeronáutico. ; Modelo: XML-T6. ; Longitud Extendido: 15 cm. ; Longitud Plegado: 13 cm. ; Lúmenes: 1000. ; Zoom: x 2000. ; Recargable: Sí. ; Batería: Li-ion 18650 de 4,3v 3800mAh. ; Diámetro: 3,6 cm.
8520733;0
8520738;Material: Construida en aluminio de grado aeronáutico con  recubrimiento epoxi negro de alta resistencia. ; Voltage de entrada: 3.7 a 4,5 v. ; Medidas Exteriores: 15 x 3,5 cm. ; Lúmenes: 600. ; Zoom: 150 metros de alcance. ; Recargable: Sí. ; USB: Cable Cargador. ; Betería: UilraFire SD 18650 9800nAh 3,7v. ; Diámetro: 3 - 3,5 cm.,Capacidad: LED CREE 3W DEL ALTA POTENCIA.
8520014;0
8703987;0
8518011;Ancho: 26 cm. ;Material: Neoprene. ; Modelo: Máscara Témica. ; Longitud Extendido: 54 cm.
7707521;Altura: 2 cm. ; Ancho: 2 cm. ;Espesor: 0,3 cm. ; Material: Mestálico esmaltado. ; Modelo: Con 2 alambres.
7707586;Altura: 2 cm. ; Ancho: 2,8 cm. ;Material: Metal Dorado. ; Modelo: Con 4 alambres.
7707900;Altura: 2,2 cm. ; Ancho: 4,5 cm. ;Material: Metal Dorado. ; Modelo: Con 4 alambres. ; Jurisdicción: Gendarmería Nacional.
7707712;Altura: 3 cm. ; Ancho: 3,8 cm. ;Material: Metal Dorado. ; Modelo: Con 4 alambres. ; Jurisdicción: Tropa Bombero. ; Denominación: Hachas Cruzadas.
7707528;Altura: 2,5 cm. ; Ancho: 1,5 cm. ;Material: Metal Dorado. ; Modelo: Con dos alambres.
7707100;Altura: 1,5 cm. ; Ancho: 4 cm. ;Material: Metal Dorado. ; Modelo: Con 2 alambres. ; Jerarquía: Banda de Música.
7707567;Altura: 15 mm. ; Ancho: 63 mm. ; Espesor: 8 mm. ; Material: Metal Dorado
7707923;Altura: 2,5 cm. ; Ancho: 2 cm. ;Material: Metal Dorado. ; Modelo: Con 2 pines. ; Jurisdicción: Policía de Mendoza.
7707922;Altura: 2,5 cm. ; Ancho: 2 cm. ;Material: Metal Dorado. ; Modelo: Con 2 pines. ; Jurisdicción: Policía de Mendoza.
7707115;Altura: 2,5 cm. ; Ancho: 6,5 cm. ;Material: Metal. ; Modelo: 2 pines. ; Denominación: Ruedas Aladas.
7707450;Altura: 2,5 cm. ; Ancho: 6,5 cm. ;Material: Metal. ; Modelo: 2 pines. ; Denominación: Ruedas Aladas.
8520025;0
8520017;Altura: 5,3 cm. ; Ancho: 4 cm. ; Espesor: 9,5 cm. ; Voltage de Salida: 3,7v x 2. ; Recargable: Sí. ; Batería: 2 pilas Li-ion 16340 de 1800mAh CE cada una.; Arma: Para Riel Picatinny.
8707117;Material: Poliamida. ; Medidas Exteriores: 39 x 17 x 40 cm. ; Medidas Interiores: 24 x 11 x 33 cm.
8708102;Material: Poliamida.
8708101;Material: Cordura. ; Modelo: Táctica. ; Medidas Exteriores: 50 x 38 x 28 cm. ; Medidas Interiores: 48 x 28 x 18 cm. ; Capacidad: 30 litros.
8708123;Material: Cordura. ; Modelo: Táctica. ; Medidas Exteriores: 50 x 38 x 28 cm. ; Medidas Interiores: 48 x 28 x 18 cm. ; Capacidad: 30 litros.
8703099;Material: Poliamida. ; Medidas Exteriores: 40 x 25 x 22 cm. ; Medidas Interiores: Capacidad de 20 litros: 15: 1,Capacidad: 20 litros.
8708313;Material: Poliamida / Cordura. ; Modelo: Láser Etch. ; Medidas Exteriores: 42 x 22 x 28 cm. ; Cierre: YKK: 16: 1,Capacidad: 30 litros.
8708312;Material: Poliamida / Cordura. ; Modelo: Láser Etch. ; Medidas Exteriores: 42 x 22 x 28 cm. ; Cierre: YKK: 16: 1,Capacidad: 30 litros.
8708311;Material: Poliamida / Cordura. ; Modelo: Láser Etch. ; Medidas Exteriores: 42 x 22 x 28 cm. ; Cierre: YKK: 16: 1,Capacidad: 30 litros.
8708315;Material: Poliamida / Cordura. ; Modelo: Láser Etch. ; Medidas Exteriores: 42 x 22 x 28 cm. ; Cierre: YKK: 16: 1,Capacidad: 30 litros.
8708226;Altura: 43 cm. ; Ancho: 29 cm. ;Espesor: 20 cm. ; Material: Cordura - Poliamida. ; Modelo: Con Porta Accesorios. ; Denominación: Mochila Táctica. ; Medidas Interiores: Capacidad de 25 litros: 15: 1
8706002;Material: Cordura - Poliamida. ; Modelo: Comando Táctico. ; Medidas Exteriores: 40 x 25 x 9 cm. ; Medidas Interiores: 32 x 16 x 8 cm. ; Cierre: Sí.
8708105;Altura: 28 cm. ; Ancho: 29 cm. ;Espesor: 13 cm. ; Material: Poliamida. ; Modelo: Táctico. ; Denominación: Morral. ; Medidas Interiores: 26 x 26 x 5 cm (cada compartimento).
8708249;0
8708053;Material: Poliamida. ; Modelo: Morral Táctico. ; Medidas Exteriores: 32 x 27 x 13 cm. ; Medidas Interiores: 21 x 10 x 21 cm.
8708045;0
8520513;0
8703699;Material: Poliamida.
8703017;Material: Poliamida.
8703641;Altura: 17.5 cm. ; Ancho: 15 cm. ;Material: Poliamida. ; Modelo: Muslera.
8708213;0
8703110;Altura: 17.5 cm. ; Ancho: 10.5 cm. ;Material: Poliamida. ; Denominación: Muslera.
8703376;Altura: 17.5 cm. ; Ancho: 10.5 cm. ;Material: Poliamida. ; Modelo: Doble Seguro. ; Denominación: Muslera con Portacargador.
8703162;Altura: 21,5 cm. ; Ancho: Regulable: 6: 1,Espesor: Regulable: 7: 1,Material: Cordura. ; Modelo: Fobus.
8703665;0
8708196;Altura: 17 cm. ; Ancho: 8 cm. ;Espesor: 4 cm. ; Material: Poliamida. ; Modelo: STD. ; Capacidad: Todos los calibres.; Arma: Universal.
8703252;Altura: 17 cm. ; Ancho: 15,5 cm. ;Material: Plástico Flexible - Poliamida - Cordura. ; Modelo: Universal. ; Denominación: Muslera Base Plataforma.
8703200;0
8708046;Material: Poliamida. ; Modelo: Muslera. ; Medidas Exteriores: 29 x 23 x 8 cm. ; Medidas Interiores: 20 x 18 x 6 cm.
8708048;Material: Poliamida. ; Modelo: Muslera. ; Medidas Exteriores: 29 x 23 x 8 cm. ; Medidas Interiores: 20 x 18 x 6 cm.
8708047;Material: Poliamida. ; Modelo: Muslera. ; Medidas Exteriores: 29 x 23 x 8 cm. ; Medidas Interiores: 20 x 18 x 6 cm.
8708049;Material: Poliamida. ; Modelo: Muslera. ; Medidas Exteriores: 29 x 23 x 8 cm. ; Medidas Interiores: 20 x 18 x 6 cm.
8708044;Material: Poliamida. ; Modelo: Muslera. ; Medidas Exteriores: 29 x 23 x 8 cm. ; Medidas Interiores: 20 x 18 x 6 cm.
8703018;Altura: 14.5 cm. ; Ancho: 14 cm. ;Espesor: 5 cm. ; Material: Poliamida. ; Modelo: Muslera. ; Denominación: Porta Objeto.
8708198;Material: Poliamida. ; Modelo: STD EZ. ; Medidas Exteriores: 16 x 16 x 5 cm. ; Medidas Interiores: 16 x 3 x 6,5 cm. ; Capacidad: Regulable.; Arma: Todos los calibres.
8703197;Altura: 16 cm. ; Ancho: 8 cm. ;Espesor: 4 cm. ; Material: Poliamida. ; Modelo: STD. ; Capacidad: Todos los calibres.; Arma: Universal.
8703250;Material: Poliamida. ; Modelo: Delta XTL STM2050.
8703018;Material: Poliamida. ; Modelo: Muslera. ; Medidas Interiores: 35 x 145 x 95 mm.
8521303;0
8520110;Material: Acero Inoxidable. ; Modelo: Buck DA139.
8520813;0
8521301;Material: Acero Inoxidable. ; Modelo: F-996.
8521302;Ancho: 3.5 cm. ;Espesor: 1.8 cm. ; Material: Acero Inoxidable. ; Modelo: Gerber Bear Grylls. ; Longitud Extendido: 20.8 cm. ; Longitud Plegado: 12.2 cm.
8520866;Ancho: 2,9 cm. ;Espesor: 1,9 cm la hoja: 7: 1,Longitud Extendido: 22 cm. ; Longitud Plegado: 13 cm.
8521305;Ancho: 2,5 cm. ;Espesor: 2 cm. ; Material: Acero Inoxidable. ; Modelo: Multiuso tipo Suiza. ; Longitud Extendido: 15,5 cm. ; Longitud Plegado: 9 cm.
8521304;Ancho: 3.5 cm. ;Espesor: 2.8 cm. ; Material: Acero Inoxidable. ; Modelo: Strider 352. ; Longitud Extendido: 20.5 cm. ; Longitud Plegado: 11.5 cm.
8520209;0
8521306;Ancho: 4.5 cm. ;Espesor: 1.7 cm. ; Material: Acero Inoxidable. ; Modelo: Surefire D38. ; Longitud Extendido: 22.5 cm. ; Longitud Plegado: 13.4 cm.
8520102;0
8505075;Altura: 2,5 cm. ; Ancho: 10 cm. ;Material: Bordado. ; Modelo: Aplique. ; Jurisdicción: Infantería. ; Denominación: Parche.
7707547;Material: Metal Dorado. ; Modelo: Con 2 alambres. ; 
8503984;0
8513303;Altura: 5 cm. ; Ancho: 5 cm. ;Material: Paño
8505329;Altura: 6 cm. ; Ancho: 9 cm. ;Espesor: 0.2 cm. ; Material: Bordado. ; Modelo: Pectoral. ; Jerarquía: Comisario. ; Jurisdicción: Policía de Mendoza. ; Denominación: 2 Rombos con Serreta.
8505224;Altura: 6 cm. ; Ancho: 9 cm. ;Espesor: 0.35 cm. ; Material: Bordado y Velcro. ; Modelo: Pectoral. ; Jerarquía: Comisario Inspector. ; Jurisdicción: Policía.
7709065;Altura: 4 cm. ; Ancho: 7.6 cm. ;Material: Bordado. ; Modelo: 1 Sol. ; Jerarquía: Oficial Ayudante. ; Jurisdicción: Policía de Seguridad Aeroportuaria. ; Denominación: Insignia Pectoral.
7709068;Altura: 4 cm. ; Ancho: 7.6 cm. ;Material: Bordado. ; Modelo: 1 Sol y Serreta. ; Jerarquía: Oficial Mayor. ; Jurisdicción: Policía de Seguridad Aeroportuaria. ; Denominación: Insignia Pectoral.
8505196;Altura: 3.7 cm. ; Ancho: 7 cm. ;Espesor: 0.2 cm. ; Material: Bordado plateado. ; Modelo: Pectoral. ; Jerarquía: Oficial Inspector. ; Jurisdicción: Policía de Mendoza.
7709064;Altura: 4 cm. ; Ancho: 7.6 cm. ;Material: Bordado. ; Modelo: 2 Soles. ; Jerarquía: Oficial Principal. ; Jurisdicción: Policía de Seguridad Aeroportuaria. ; Denominación: Insignia Pectoral.
7709069;Altura: 4 cm. ; Ancho: 7.6 cm. ;Material: Bordado. ; Modelo: 2 Soles y Serreta. ; Jerarquía: Oficial Inspector. ; Jurisdicción: Policía de Seguridad Aeroportuaria. ; Denominación: Insignia Pectoral.
8505243;Altura: 4 cm. ; Ancho: 8.5 cm. ;Espesor: 0.2 cm. ; Material: Bordado. ; Modelo: Pectoral. ; Jerarquía: Oficial Principal. ; Jurisdicción: Policía de Mendoza y la Rural.
8505367;Altura: 5.8 cm. ; Ancho: 10.6 cm. ;Espesor: 0.2 cm. ; Material: Bordado. ; Modelo: Pectoral. ; Jerarquía: Comisario General. ; Jurisdicción: Policía de Mendoza.
7709066;Altura: 4 cm. ; Ancho: 7.6 cm. ;Material: Bordado. ; Modelo: 3 Soles. ; Jerarquía: Oficial Subinspector. ; Jurisdicción: Policía de Seguridad Aeroportuaria. ; Denominación: Insignia Pectoral.
7709067;Altura: 4 cm. ; Ancho: 7.6 cm. ;Material: Bordado. ; Modelo: 4 Soles. ; Jerarquía: Oficial en Jefe. ; Jurisdicción: Policía de Seguridad Aeroportuaria. ; Denominación: Insignia Pectoral.
8505130;Altura: 2,5 cm. ; Ancho: 8,5 cm. ;Material: Bordado. ; Modelo: Pectoral.
8505156;Altura: 3.8 cm. ; Ancho: 6.9 cm. ;Espesor: 0.2 cm. ; Material: Bordado. ; Modelo: Pectoral. ; Jerarquía: Oficial Auxiliar. ; Jurisdicción: Policía de Mendoza y la Rural.
8505157;Altura: 3.7 cm. ; Ancho: 7 cm. ;Espesor: 0.2 cm. ; Material: Bordado. ; Modelo: Pectoral. ; Jerarquía: Auxiliar de Primera. ; Jurisdicción: Mendoza.
8505140;Ancho: 3.7 cm. ;Espesor: 7 cm. ; Peso: 0.2 cm. ; Material: Bordado Baja Visibilidad. ; Modelo: Pectoral. ; Jerarquía: Auxiliar de Primera. ; Jurisdicción: Policía de Mendoza.
8505158;Altura: 4.7 cm. ; Ancho: 6.8 cm. ;Espesor: 0.2 cm. ; Material: Bordado. ; Modelo: Pectoral. ; Jerarquía: Auxiliar Mayor. ; Jurisdicción: Policía de Mendoza.
8505139;Altura: 4.7 cm. ; Ancho: 6.8 cm. ;Espesor: 0.2 cm. ; Material: Bordado Baja Visibilidad. ; Modelo: Pectoral. ; Jerarquía: Auxiliar Mayor. ; Jurisdicción: Policía de Mendoza.
8505789;Altura: 3.7 cm. ; Ancho: 7 cm. ;Espesor: 0.2 cm. ; Material: Bordado. ; Modelo: Pectoral. ; Jerarquía: Auxiliar Segundo.
7707266;Altura: 2,3 cm. ; Ancho: 10,7 cm. ;Material: Bordado. ; Modelo: Pectoral.
8505101;Altura: 3,5 cm. ; Ancho: 9,5 cm. ;Material: Bordado. ; Modelo: Con Bandera. ; Jurisdicción: Policía Vial.
8505600;Altura: 6 cm. ; Ancho: 8 cm. ;Material: Bordado. ; Modelo: Baja Visibilidad. ; Jurisdicción: UMAR.
7700101;Altura: 6 cm. ; Ancho: 8.3 cm. ;Espesor: 0.2 cm. ; Material: Bordado. ; Modelo: Pectoral. ; Jerarquía: Cabo 1º. ; Jurisdicción: Policía Rural de Mendoza.
8505074;Altura: 2.6 cm. ; Ancho: 10.1 cm. ;Espesor: 0.2 cm. ; Material: Bordado. ; Modelo: Pectoral Baja Visibilidad. ; Jurisdicción: Unidad Motorizada de Mendoza.
8505023;Altura: 3.7 cm. ; Ancho: 5.5 cm. ;Espesor: 0.2 cm. ; Material: Bordado. ; Jerarquía: Cadete. ; Jurisdicción: Escuela de Cadetes. ; Denominación: Insignia Pectoral.
8505120;Altura: 2.7 cm. ; Ancho: 6.5 cm. ;Espesor: 0.2 cm. ; Material: Bordado. ; Jerarquía: Uniforme de Gimnasia. ; Jurisdicción: Liceo Militar General Espejo. ; Denominación: Insignia Pectoral.
8505134;0
8505135;0
8505136;0
8505137;0
8505138;0
8505131;Altura: 3.5 cm. ; Ancho: 9.5 cm. ;Espesor: 0.2 cm. ; Material: Bordado. ; Modelo: Pectoral. ; Jerarquía: Motorista. ; Jurisdicción: Policía de Mendoza.
8505109;Altura: 3.5 cm. ; Ancho: 9.5 cm. ;Material: Bordado Baja Visibilidad. ; Modelo: Pectoral. ; Jerarquía: Vial. ; Jurisdicción: Policía de Mendoza.
8505127;Altura: 3.2 cm. ; Ancho: 7.4 cm. ;Espesor: 0.2 cm. ; Material: Bordado Baja Visibilidad. ; Modelo: Pectoral. ; Jurisdicción: Servicios Penitenciario de Mendoza. ; Denominación: Servicio de Requisa Penitenciaria.
5919165;Altura: 128 mm. ; Ancho: 265 mm. ; Espesor: 265 mm. ; Peso: 94gr. ; Material: Aluminio de grado aeronáutico. ; Modelo: WS903/328.
8520629;0
8520626;Material: Li-ion. ; Modelo: 18650. ; Voltage de Salida: 3.7. ; Recargable: Sí. ; USB: Sí. ; Capacidad: 3800 mAh.
8520629;0
8703557;Altura: 20 cm. ; Ancho: 9 cm. ;Material: Poliamida. ; Modelo: Bersa Minithund XTL.
8703208;Material: Polímero. ; Modelo: AH Bersa Thunder Pro.
8703207;Material: Polímero. ; Modelo: AH - PX4. ; Arma: Beretta PX4 Storm.
8703206;Material: Termo Plástico. ; Modelo: AH GLOCK.
8703205;Material: Polímero. ; Modelo: AH - B92.
8703656;0
8703051;Material: Cuero Termo Modelado. ; Modelo: Multicalibre. ; Medidas Interiores: 13 x 8,6 cm.
8703811;Altura: 17.5: 5: 1; Ancho: 13.5 cm. ;Material: Poliamida. ; Modelo: Doble Seguro. ; Denominación: Pistolera con Porta Cargador.
8703157;Material: Polímero moldeado por inyección. ; Modelo: Tach.
8703702;Altura: 18.5 cm. ; Ancho: 8.5 cm. ;Material: Poliamida. ; Modelo: Universal. ; Denominación: Pistolera Guerrillera.
8703240;Material: Polímero Resistente. ; Modelo: Cytac Houston N240. ; Medidas Exteriores: 138 x 50 x 90 mm.; Arma: Taurus PT92, B92 y 96.
8703500;Altura: 14 cm. ; Ancho: 7.5 cm. ;Material: Poliamida. ; Denominación: Pistolera.
8703900;Material: Poliamida. ; Medidas Exteriores: 13 x  10,5 x 4 cm. ; Medidas Interiores: 13 x 8 x 2,5 cm. ; Capacidad: Diestro y Zurdo.; Arma: Todo calilbre.
8707113;Material: Poliamida.
8703667;0
8703658;0
8703662;0
8703241;0
8703960;Altura: 14 cm. ; Ancho: 8,5 cm. ;Espesor: 5 cm. ; Material: Polímero. ; Modelo: Bersa TPR9. ; Denominación: Pistolera Nivel de Seguridad 2.
8703679;0
8703660;0
8703956;Altura: 14,5 cm. ; Ancho: 9 cm. ;Material: Polímero. ; Modelo: Taurus PT92. ; Denominación: Pistolera Nivel 2.
8703671;0
8703573;0
8703300;Material: Poliamida. ; Modelo: Universal. ; Capacidad: Zurdo o Diestro.; Arma: Todo calibre.
8703502;Material: Cordura / Poliamida. ; Modelo: Panquequera Corta.
8703812;Altura: 15.5 cm. ; Ancho: 8 cm. ;Material: Poliamida. ; Modelo: 1 Porta Cargador. ; Denominación: Pistolera.
8703810;Altura: 17.5 cm. ; Ancho: 10.5 cm. ;Material: Poliamida.
8703615;Altura: 11.5 cm. ; Ancho: 17 cm. ;Material: Poliamida. ; Modelo: Mini Guerrillera.
8703619;Altura: 8.5 cm. ; Ancho: 18.5 cm. ;Material: Poliamida. ; Modelo: Riñonera.
8703669;0
8703041;Material: Cuero.
8703509;Altura: 21.5 cm. ; Ancho: 9.3 cm. ;Material: Poliamida. ; Modelo: Pistolera Termoformada Thunder.
8703506;Altura: 14.5 cm. ; Ancho: 16.8 cm. ;Espesor: 4.5 cm. ; Material: Poliamida. ; Modelo: Multimarca. ; Denominación: Funda Pistolera.
8703604;Altura: 19.4 cm. ; Ancho: 10 cm. ;Espesor: 6.5 cm. ; Material: Poliamida y Cuero. ; Modelo: Tipo táctica o Holster. ; Denominación: Funda Pistolera.
8703042;Material: Cuero.
8703955;0
8708001;0
8708272;Material: Polímero y Poliamida. ; Modelo: Houston N2-72. ; Medidas Exteriores: 22 x 19,5 cm. ; Capacidad: Hasta 3 (tres) accesorios.; Arma: Pistoleras Houston Nivel 2.
8703120;0
8708070;0
7709062;Altura: 8.3 cm. ; Ancho: 8.3 cm. ;Espesor: 0.2 cm. ; Material: Bordado. ; Modelo: Escudo para Brazo. ; Jurisdicción: Policía de Seguridad Aeroportuaria.
8705568;0
8705661;0
8705683;0
8705018;Material: Cuero. ; Modelo: Doble. ; Medidas Interiores: 13 x 3,2 x 2,2 cm.
8705552;Material: Poliamida - Cordura. ; Modelo: Doble. ; Medidas Exteriores: 14 x 9 x 4 cm. ; Medidas Interiores: 10 x 3 x 6 cm.
8705750;Altura: 25.4 cm. ; Ancho: 20.5 cm. ;Espesor: 9 cm. ; Material: Poliamida. ; Modelo: Termoformado.
8705551;Altura: 25.4 cm. ; Ancho: 20.5 cm. ;Espesor: 9 cm. ; Material: Poliamida. ; Modelo: Termoformado.
8705550;Altura: 25.4 cm. ; Ancho: 20.5 cm. ;Espesor: 9 cm. ; Material: Poliamida. ; Modelo: Termoformado.
8705370;Altura: 15.5 cm. ; Ancho: 10.7 cm. ;Espesor: 5 cm. ; Material: Poliamida.
8705072;Altura: 11 cm. ; Ancho: 4,5 cm. ;Espesor: 3 cm. ; Material: Poliamida. ; Modelo: Simple Regulable.
8705019;Material: Cuero. ; Modelo: Simple. ; Medidas Exteriores: 60 x 145 x 35 mm. ; Medidas Interiores: 20 x 37 x 150 mm. ; Capacidad: Un cargador.; Arma: Cargador 9 mm.
8705001;Altura: 14 cm. ; Ancho: 6.3 cm. ;Espesor: 5 cm. ; Material: Poliamida. ; Modelo: Simple. ; Denominación: Porta cargador.
8705914;0
8705459;Altura: 15.5 cm. ; Ancho: 5.8 cm. ;Espesor: 3.4 cm. ; Material: Poliamida. ; Modelo: Termoformado.
8702668;Ancho: 9.3 cm. ;Espesor: Variable según el contenido: 7: 1,Material: Poliamida. ; Longitud Extendido: 43 cm. ; Longitud Plegado: 16.5 cm.
8501027;Material: Cuero.
8501662;Altura: 12 cm. ; Ancho: 16 cm. ;Espesor: 6.5 cm. ; Material: Poliamida.
8707023;Altura: 13 cm. ; Ancho: 10.6 cm. ;Espesor: 3.5 cm. ; Material: Cuero.
8707024;Material: Cuero.
8707721;Altura: 12 cm. ; Ancho: 10 cm. ;Espesor: 5,5 cm. ; Material: Poliamida.
8707555;Altura: 10.8 cm. ; Ancho: 11.5 cm. ;Espesor: 5.5 cm. ; Material: Poliamida. ; Modelo: Con Gancho. ; Jurisdicción: Gendarmería, Ejército, Infantería. ; Denominación: Porta Esposas.
8708011;Altura: 12 cm. ; Ancho: 12,5 cm. ;Espesor: 5 cm. ; Material: Poliamida. ; Modelo: Para sistema Molle.
8707509;Altura: 12.5 cm. ; Ancho: 11 cm. ;Espesor: 4 cm. ; Material: Poliamida. ; Modelo: Táctico TMF.
8707552;Altura: 13 cm. ; Ancho: 11.5 cm. ;Espesor: 5 cm. ; Material: Poliamida.
8707550;Altura: 13 cm. ; Ancho: 11.5 cm. ;Espesor: 5 cm. ; Material: Poliamida.
8707553;Altura: 10.5 cm. ; Ancho: 11.5 cm. ;Material: Poliamida. ; Modelo: Saque Rápido.
8705003;Altura: 17,5 cm. ; Ancho: 1 cm. ; Material: Poliamida. ; Modelo: Termoformado. ; Medidas Exteriores: 170 x 75 x 53 mm. ; Medidas Interiores: 110 x 57 x 35 mm.
8705037;Material: Poliamida. ; Modelo: MOLLE.
8705554;Altura: 16 cm. ; Ancho: 10 cm. ;Espesor: 5 cm. ; Material: Poliamida. ; Jurisdicción: Gendarmería.
8705861;Altura: 14 cm. ; Ancho: 4.5 cm. ;Espesor: 2.5 cm. ; Material: Plástico y Goma Plástica.
8705553;Altura: 20 cm. ; Ancho: 6.5 cm. ;Espesor: 5.5 cm. ; Material: Poliamida. ; Jurisdicción: Gendarmería Nacional. ; Denominación: Porta Tonfa.
8708020;0
8708107;Altura: 15.5 cm. ; Ancho: 22.5 cm. ;Espesor: 6 cm.
8503639;Altura: 25 cm. ; Ancho: 9,5 cm. ;Espesor: 9,5 cm. ; Material: Polímero Reforzado. ; Modelo: Rodillera.
8503820;Altura: 5,5 cm. ; Ancho: 15 cm. ;Espesor: 15 cm. ; Material: Acrílico
8520004;Altura: 16,7 cm. ,Voltage de entrada: 3v. ; Batería: Utiliza 2 AAA. ; Diámetro: 1,3 cm.
8522999;0
8522011;Material: Poliamida. ; Longitud Extendido: 140 cm. ; Longitud Plegado: 66 cm.
8522030;0
7707571;Altura: 1,8 cm. ; Ancho: 3,5 cm. ;Material: Metal. ; Modelo: Con 4 alambres. ; Jurisdicción: Comunicaciones.
8612300;Altura: 2.3 cm. ; Ancho: 4.5 cm. ;Material: Pulcera Paracord 550 Trenzado. ; Modelo: Yuze Survival Gear. ; Longitud Extendido: 26 cm.
8303298;0
8503303;0
8503305;Ancho: 5 cm. ;Espesor: 2 cm. ; Modelo: 8603B. ; Longitud Extendido: 22 cm. ; Denominación: H-Sport Water Resist.
8303299;0
7707357;Altura: 1 cm. ; Ancho: 3 cm. ;Material: Metal. ; Modelo: Con 2 pines. ; Jerarquía: 1. ; Denominación: Riel de 1.
7707002;Altura: 1 cm. ; Ancho: 6 cm. ;Material: Metal. ; Modelo: Con 2 pines. ; Jerarquía: 2. ; Denominación: Riel de 2.
7707013;Altura: 1 cm. ; Ancho: 9 cm. ;Material: Metal. ; Modelo: Con 2 pines. ; Jerarquía: 3. ; Denominación: Riel de 3.
7707246;Altura: 1 cm. ; Ancho: 12 cm. ;Material: Metal. ; Modelo: Con 2 pines. ; Jerarquía: 4. ; Denominación: Riel de 4.
7707161;Altura: 2 cm. ; Ancho: 8 cm. ;Material: Metálico. ; Modelo: Dorado.
8703047;Altura: 15,5 cm. ; Ancho: 15,5 cm. ;Material: Poliamida. ; Modelo: Delta STR 2047.
8703102;Material: Poliamida. ; Medidas Exteriores: 38 x 17 x 6 cm. ; Medidas Interiores: Contorno Máx:  118 cm. - Contorno Mín:  84 cm.; Arma: Universal. Todo tipo de pistola.
8703150;Altura: 16 cm. ; Ancho: 35 cm. ;Espesor: 16 cm. ; Material: Poliamida. ; Modelo: Riñonera.
8703151;Altura: 16 cm. ; Ancho: 35 cm. ;Espesor: 16 cm. ; Material: Poliamida. ; Modelo: Riñonera.
8703152;Material: Poliamida. ; Modelo: Riñonera. ; Medidas Exteriores: 16 x 16 x 35 cm.
7711676;0
7707556;Altura: 16 mm. ; Ancho: 16 mm. ; Espesor: 5 mm. ; Material: Metal. ; Modelo: Dorado. ; Denominación: Rombo para Jerarquía.
7707557;Altura: 16 mm. ; Ancho: 16 mm. ; Espesor: 5 mm. ; Material: Metal. ; Modelo: Plateado. ; Denominación: Rombo para Jerarquía.
7707714;Altura: 22 mm. ; Ancho: 22 mm. ; Material: Metal. ; Modelo: Con tuerca, perno y rosca. ; Denominación: Rombo para Jerarquía.
7707154;Altura: 22 mm. ; Ancho: 22 mm. ; Material: Metal. ; Modelo: Con tuerca, perno y rosca. ; Denominación: Rombo para Jerarquía.
7707710;Altura: 2,6 cm. ; Ancho: 2,6 cm. ;Espesor: 0,7 cm. ; Material: Metal Dorado. ; Modelo: Con 2 pines y 2 alambres.
8503712;0
7700452;Altura: 7,5 cm. ; Ancho: 8 cm. ;Material: Bordado. ; Modelo: Baja Visibilidad. ; Jerarquía: Sargento. ; Jurisdicción: Penitenciaría.
8701653;Ancho: 2,3 cm. ;Material: Cuero. ; Medidas Interiores: Para un cinturón de 5cm de ancho: 15: 1
8701652;Ancho: 3,3 cm. ;Material: Poliamida. ; Medidas Interiores: Para cinturón de 5cm de ancho: 15: 1
7707572;Altura: 1 cm. ; Ancho: 6 cm. ;Material: Metálico
8525999;Altura: 2 cm. ; Ancho: 4.2 cm. ;Espesor: 1.7 cm. ; Material: Metállico. ; Modelo: Reglamentario.
8525576;0
8711701;0
8505262;Altura: 5.8 cm. ; Ancho: 8.7 cm. ;Espesor: 0.2 cm. ; Material: Bordado. ; Modelo: Un rombo y serreta. ; Jerarquía: Subcomisario. ; Jurisdicción: Policía de Mendoza. ; Denominación: Pectoral.
8505604;Altura: 4,5 cm. ; Ancho: 8 cm. ;Modelo: Baja Visibilidad. ; Jerarquía: Suboficial Auxiliar. ; Jurisdicción: Penitenciaría.
7700460;Altura: 6 cm. ; Ancho: 8 cm. ;Material: Bordado. ; Modelo: Baja Visibilidad. ; Jerarquía: Suboficial Ayudante. ; Jurisdicción: Penitenciaría.
7700463;Altura: 7,5 cm. ; Ancho: 8 cm. ;Material: Bordado. ; Modelo: Baja Visibilidad. ; Jerarquía: Suboficial de Primera. ; Jurisdicción: Penitenciaría.
7700456;Altura: 4,5 cm. ; Ancho: 8 cm. ;Modelo: Baja Visibilidad. ; Jerarquía: Suboficial Mayor. ; Jurisdicción: Penitenciaría.
7700464;Altura: 4 cm. ; Ancho: 8 cm. ;Material: Bordado. ; Modelo: Baja Visibilidad. ; Jerarquía: Suboficial Principal. ; Jurisdicción: Penitenciaría.
8401001;Ancho: 40 cm aproximadamente: 6: 1,Modelo: Tejido Red. ; Longitud Extendido: 1,55 cm aproximadamente. ; Denominación: Sudadera Táctica.
8401012;Ancho: 25 cm. ;Modelo: Tejido Red. ; Longitud Extendido: 160 cm. ; Denominación: Sudadera Táctica.
8401011;Ancho: 45 cm. ;Modelo: Tejido Red. ; Longitud Extendido: 160 cm. ; Denominación: Sudadera Táctica.
8612418;0
8503061;Altura: 60,5 cm. ; Ancho: 3,2 cm. ;Espesor: 3,2 cm. ; Material: Policarbonato (Termoplástico de ingenieria). ; Modelo: Policial.
8503202;Altura: 59,5cm. ; Material: Polipropileno. ; Modelo: Policial - Táctico. ; Medidas Interiores: 17cm de largo el mango. ; Diámetro: 3cm y 4,5cm en el mango.
7707569;Altura: 2,5 cm. ; Ancho: 3,5 cm. ;Material: Metal Dorado. ; Modelo: Con 4 alambres.
8505689;Altura: 18,5 cm. ; Ancho: 15,5 cm. ;Jerarquía: Comisario Inspector.
8505688;Altura: 15,5 cm. ; Ancho: 18,5 cm. ;Jerarquía: Comisario y Sub Comisario.
